{
    "services": "Services",
    "page Header": "Are you planning an improvement",
    "firstName": "John",
    "lastName": "Smith",
    "mNumber": "07570345678",
    "hNumber": "07570123456",
    "text": "This is a test of copy",
    "invalidNumber": "1234",
    "numberWord": "Number",
    "blankSpace": " ",
    "quoteReq": "Quote Request",



    "validResultComment": "Thanks for contacting us! We will be in touch with you shortly.",
    "errorMessage": "Invalid Data is Present, Please review"

}
